filename,category
aapvlatnvr.jpeg,1
aarritaelv.jpeg,0
aciycodpdt.jpeg,1
acmqwikwjv.jpeg,3
ahvvxslawa.jpeg,1
aiucwoanry.jpeg,2
aiymapjfts.jpeg,1
anbvwfwaug.jpeg,0
anmvardsem.jpeg,2
arnsrnvtek.jpeg,0
axlurpsbeg.jpeg,3
axqvaldnew.jpeg,2
aynzuueoqg.jpeg,0
ayokuzwvya.jpeg,0
azicnqccmj.jpeg,3
baggyhirtd.jpeg,2
bbgmtbnluw.jpeg,0
bbiqkzswvi.jpeg,3
bccnmdkevz.jpeg,1
bcketwdmrl.jpeg,0
bcocxsjyyc.jpeg,1
bedbiihlwr.jpeg,1
bfxconqhyk.jpeg,2
bfzspuegxu.jpeg,2
bjjwqhsnge.jpeg,1
bjuxvufpia.jpeg,0
bjzbsofnvh.jpeg,0
bkkrkkfemi.jpeg,0
bkwnuspbsp.jpeg,2
blkeikbyjb.jpeg,1
bmmmebjlmz.jpeg,2
bnejmlyxbt.jpeg,2
bomziknodz.jpeg,1
bpqgzzwaht.jpeg,2
bqkkgrpxss.jpeg,2
briovkilvu.jpeg,2
btabwijxlf.jpeg,1
bvdbqnagpz.jpeg,3
bwzweolaex.jpeg,2
bxcrikoqfe.jpeg,0
bzkwgyzpob.jpeg,2
cclgcryncv.jpeg,3
cdlgyjwlxg.jpeg,0
cebdyjmjlm.jpeg,3
cedbtmnrko.jpeg,0
cggyraqnpn.jpeg,2
ckwegfluxp.jpeg,1
clrbailwwn.jpeg,2
cmkyojjqnb.jpeg,0
cmnxlnmrqt.jpeg,1
cmoniikxgp.jpeg,0
cmupwymvpv.jpeg,0
cnvjlmxvaj.jpeg,2
cnxsbobykp.jpeg,2
cokjfemzod.jpeg,1
cqkhimbict.jpeg,2
ctxmslmtab.jpeg,2
cypdwyekyf.jpeg,1
ddmtbmxods.jpeg,3
ddqnirlsyj.jpeg,0
dehmluzdnd.jpeg,3
deiwywxvgt.jpeg,2
delsubwzpa.jpeg,1
dgdfcdibia.jpeg,3
didjzldewl.jpeg,2
dkaersovqd.jpeg,1
dptjjzzscv.jpeg,1
dsrpglrbem.jpeg,2
dyatilgmke.jpeg,3
dzfgryfkwe.jpeg,2
eddrtfgzws.jpeg,3
eddxkbmoyo.jpeg,3
ediofgpwut.jpeg,0
eedyxswlsx.jpeg,0
efeihevtue.jpeg,2
egmdcjrzcr.jpeg,3
eijjwkqstd.jpeg,0
ejdoseqmye.jpeg,1
ejdueoknto.jpeg,1
ekeoxmgbvb.jpeg,3
ekprzamdvp.jpeg,2
epkbihumjk.jpeg,1
epmyslxvgl.jpeg,1
ertrmowpxa.jpeg,1
eswfnbkjck.jpeg,0
eszbkkdxsm.jpeg,3
euhmdswvnb.jpeg,3
evsqrcyzmy.jpeg,0
fcihrrhzws.jpeg,2
fdxkiijjqm.jpeg,1
fgexpafxhq.jpeg,1
fimkrdnuad.jpeg,1
fjvzguaadk.jpeg,0
fjyhzysrpi.jpeg,1
flknildvvh.jpeg,3
foxwuiewov.jpeg,1
fpslqdxqbn.jpeg,3
fqakiahlxf.jpeg,2
frhxuiapwu.jpeg,2
ftubjwpmsx.jpeg,2
fxpuhwffla.jpeg,0
fyrsumjlnl.jpeg,0
fzowqrmzvt.jpeg,0
fzxwczebsz.jpeg,2
gaspqtgadm.jpeg,1
gbocnvjaqx.jpeg,0
gdtgqyvgpl.jpeg,2
ggxpqzhnhz.jpeg,2
ghcmucqnpx.jpeg,1
glitrukdgt.jpeg,2
gmpgfuevsk.jpeg,3
gqycbizcpb.jpeg,2
gqylwfxxoi.jpeg,2
grxafrdnqv.jpeg,2
guoopwulpq.jpeg,2
gvmhnefybu.jpeg,1
gwwjhbzack.jpeg,3
gxojywausg.jpeg,0
hafnfwcodt.jpeg,1
hbdqxuphfq.jpeg,1
hblyinhzty.jpeg,2
hdycpbmgmt.jpeg,0
heqarwezqj.jpeg,0
hfajewtppz.jpeg,2
hfuxkglinm.jpeg,0
hglsleinch.jpeg,1
hhplwscuzb.jpeg,3
hhqfmgfzmh.jpeg,0
hjytlyzyue.jpeg,0
hkhuzwaepq.jpeg,3
honxmjkqkk.jpeg,2
htjmjvzlin.jpeg,2
hudlujeahu.jpeg,0
huxdpwvsgl.jpeg,2
hwawiifzxe.jpeg,2
hypjxmwemm.jpeg,3
iftzxxblue.jpeg,2
iioizwzwna.jpeg,2
iizviqvqto.jpeg,2
imbtpqcsdd.jpeg,0
imunfjqvet.jpeg,1
imzxufkngn.jpeg,2
insyvftjrn.jpeg,1
ipklyhoauy.jpeg,2
irtqhyioxa.jpeg,2
ispzuskgaq.jpeg,3
ivhrafxgsf.jpeg,2
iyfejattjt.jpeg,0
iyvvrvdpme.jpeg,2
izwsoynwze.jpeg,1
japnbaxsta.jpeg,1
jgbbwyhqwq.jpeg,2
jgsizssavn.jpeg,2
jhoatacjkp.jpeg,1
jixeesaqxe.jpeg,1
jjmbencatq.jpeg,0
jkkbrtzbqo.jpeg,3
jlpfigqivt.jpeg,2
jmdzrlzood.jpeg,3
jmuipifoxt.jpeg,1
jskzqfumpg.jpeg,0
jtdheczsch.jpeg,0
jtgnehefqg.jpeg,1
jvjdrlkarx.jpeg,0
jwfnxbgvlq.jpeg,2
jxlevqieaf.jpeg,2
jyoyxjejjp.jpeg,1
kchbeyejzp.jpeg,1
kcofrowico.jpeg,1
kdwmujsejk.jpeg,2
kgzdahooho.jpeg,1
khnjdtajvh.jpeg,2
kimkgrotbk.jpeg,1
kjfrlzyjig.jpeg,2
kjpckcasxj.jpeg,2
kkkntnnokb.jpeg,1
kknteimvnh.jpeg,3
kkvdwhrdzs.jpeg,1
kmhoyslodh.jpeg,1
kpvkscnahy.jpeg,0
kqjhqgkcyb.jpeg,2
krlvhdlegw.jpeg,3
ksquvdyoic.jpeg,2
kujyfiogmn.jpeg,3
kumxygydfs.jpeg,0
kvjraugwae.jpeg,3
kvwiiuqiaz.jpeg,0
kwnndanqde.jpeg,0
kypxrineni.jpeg,1
lbmldyhano.jpeg,0
lcbwfhzmzk.jpeg,0
lcpevvkiun.jpeg,2
ldfffjrhny.jpeg,2
lhservomdo.jpeg,1
licbtdupai.jpeg,1
ljqtrspoly.jpeg,0
lmokmycoak.jpeg,2
lnpneuwpso.jpeg,2
lobykwpyex.jpeg,2
loytqkstzq.jpeg,1
lwuhtecyfi.jpeg,0
lxjtemzsve.jpeg,2
lynjvuokso.jpeg,3
lyrxtusbkj.jpeg,1
mdyuoaboyp.jpeg,0
mfditundjw.jpeg,3
mfsjhysrqv.jpeg,1
mfuyxvotba.jpeg,3
mgjhboelui.jpeg,3
mgllxubcdq.jpeg,0
mhnvhwgkhg.jpeg,2
mhthlpxfub.jpeg,2
miqsqjsjuo.jpeg,2
mjxsiieneh.jpeg,2
mlbqlowtmb.jpeg,0
mlytzjemdb.jpeg,1
mnkjaifcgb.jpeg,2
mnrblbyukd.jpeg,3
mofoqmtycj.jpeg,3
moomrmppaj.jpeg,2
moyiuesijb.jpeg,2
mpihpeancf.jpeg,1
mpyywnekan.jpeg,2
mqjvsomqnx.jpeg,1
mqzjfacobd.jpeg,2
mrfnvqcbgh.jpeg,0
mrtuuthwfj.jpeg,3
msfecdzvoj.jpeg,3
msgizyqrdf.jpeg,1
mterychcmk.jpeg,3
mulqfhvpjd.jpeg,1
namnpqoict.jpeg,3
nazkmrhzeq.jpeg,1
nbsehnrrzw.jpeg,2
nctfeadjsg.jpeg,1
ndvyhoxnrk.jpeg,3
ngtgrsbdxs.jpeg,2
nhbwtyqitg.jpeg,0
njeuowsstx.jpeg,3
nkknnnbpwc.jpeg,3
nnodttbviy.jpeg,1
nqrgebofbg.jpeg,2
ntcqyeufzd.jpeg,0
ntcxofpwki.jpeg,2
nthunuatum.jpeg,0
nvpukidejk.jpeg,3
nwteqbcllg.jpeg,0
nxrsleyeju.jpeg,0
ogbeyqssnh.jpeg,0
ogmqlpohsg.jpeg,0
ogrqgyqyod.jpeg,2
ogwuyhdjzh.jpeg,1
ohrdszmglw.jpeg,1
ohutqpylcl.jpeg,3
oijvaxdabf.jpeg,2
oivucksmqt.jpeg,2
okgznxtadx.jpeg,2
omdtubqick.jpeg,0
omwvpbtwdo.jpeg,3
onqllmotrs.jpeg,0
ooyuaejrng.jpeg,3
opeznrzerw.jpeg,3
orosiilpag.jpeg,0
oseciasrzp.jpeg,0
ostvcpzhad.jpeg,1
oxqfygokay.jpeg,2
pbpzuuryei.jpeg,1
pceewnjjbu.jpeg,0
pcjfiahsnz.jpeg,0
pdelcgtpfs.jpeg,0
pdxxncxnmk.jpeg,2
phxmzidzrs.jpeg,0
pkjwbktyuj.jpeg,1
ppatrfjqez.jpeg,2
ppotenhxyz.jpeg,0
pptlzudjyz.jpeg,0
ppwytpceom.jpeg,2
pqugngkavt.jpeg,2
psbwqvziyx.jpeg,2
psmfgvlvzx.jpeg,2
puldioxlxq.jpeg,3
puvjqnztuq.jpeg,0
pxhzwcucgr.jpeg,2
pyacjikktl.jpeg,2
pyfenqkxst.jpeg,3
qazvzjvdxt.jpeg,0
qbdafoeawz.jpeg,1
qbgtzqazbq.jpeg,2
qckiwwvipz.jpeg,0
qdcmaxomeo.jpeg,3
qdkaqnoytq.jpeg,1
qfdnygjbfh.jpeg,1
qictjaqqmn.jpeg,1
qjdxmlucdm.jpeg,1
qjpjaqrfmg.jpeg,3
qjqxzmyjgn.jpeg,2
qkmqxbodsv.jpeg,0
qlviktrzqg.jpeg,2
qmusnqwhbo.jpeg,1
qmwbzrieca.jpeg,3
qqphuoefhe.jpeg,2
qqssvbqeea.jpeg,0
qrabvhikyq.jpeg,2
qunmuvkwkd.jpeg,0
qurmjoudae.jpeg,2
qwtkrjxsjp.jpeg,3
qyhvvmsdjr.jpeg,1
qzjqhpbotj.jpeg,3
rahejvdjkt.jpeg,1
rbffaswowh.jpeg,3
rfuesjsdgj.jpeg,2
rgicohgkkj.jpeg,3
riszdgdjdp.jpeg,0
rkixvrrexp.jpeg,2
rqcgdnnatt.jpeg,3
rrhofuemhi.jpeg,2
rrpqfndcws.jpeg,2
rrsqkozabm.jpeg,3
rtpzqxzcqt.jpeg,2
rtumwbmahn.jpeg,2
rueswtmgni.jpeg,1
rulpkdsvdz.jpeg,1
rvgvmyfdnc.jpeg,2
rvqrcxgpdf.jpeg,1
ryigdjulie.jpeg,1
rzphrmxehf.jpeg,3
sauqmhfpar.jpeg,2
seeilrvndf.jpeg,0
sepqhvzgla.jpeg,0
sfdtiwojfy.jpeg,0
sgzfmaodgb.jpeg,2
shwmaxcbmb.jpeg,2
sklosijhbw.jpeg,3
smflppgczz.jpeg,2
soqznirjnx.jpeg,0
sqsnaalmdd.jpeg,3
squopvyrzm.jpeg,1
suxhzmurlm.jpeg,1
swvnsjfusn.jpeg,1
sxfdtoahqq.jpeg,1
syifyidtsg.jpeg,3
tcclnldsnf.jpeg,0
tcgzibxnly.jpeg,0
tcpasldgip.jpeg,3
tcujretbzj.jpeg,3
tdhrbsrlxc.jpeg,1
teqqpeyjhr.jpeg,1
tggifkueip.jpeg,2
tgsjhpbtnk.jpeg,3
tmjecmzspy.jpeg,0
tmrkrukqou.jpeg,3
tmrqpzzvph.jpeg,0
tpvxigjkol.jpeg,0
tqkayltgxw.jpeg,3
trrdqzbfzm.jpeg,2
ttfrnwuhkh.jpeg,3
tueykhllyi.jpeg,1
tuikqiszwb.jpeg,3
twywynwmdh.jpeg,2
txkxflestm.jpeg,2
txpjvtyogu.jpeg,3
tyhvbwuipd.jpeg,1
tylptkxaop.jpeg,1
tyoaejvzul.jpeg,2
tzhigfyjcy.jpeg,1
tzmwtfwjra.jpeg,2
tzxjxmtguj.jpeg,2
ubcvmbymxa.jpeg,2
ubexzybeeq.jpeg,1
udcrgkdsbh.jpeg,3
udwndfvlcq.jpeg,0
ugmmebhstm.jpeg,2
ugxalcywib.jpeg,1
ujhtgbykia.jpeg,2
umvtpgkdkl.jpeg,2
untzzpfwty.jpeg,2
upjpqvrmvc.jpeg,1
upprshhjra.jpeg,2
usgewzpaxf.jpeg,1
utbbyldyqw.jpeg,2
uxbalsygdj.jpeg,0
uxnzkbkdwf.jpeg,3
uygiftdubv.jpeg,1
uynmugndjr.jpeg,1
vcutiwemfp.jpeg,2
vdljnggcxw.jpeg,3
vdunmzpuys.jpeg,0
vdvyrpleuk.jpeg,3
vesltxlwil.jpeg,1
vrujvajnxf.jpeg,0
vsltcnyyiq.jpeg,3
vtscukbnmz.jpeg,2
vvtifnapix.jpeg,1
vvyglegjho.jpeg,1
vwfomutdle.jpeg,1
vxvrufukqi.jpeg,1
vxxloulsdq.jpeg,0
vzwlsiguqd.jpeg,0
wbuyuxrrsq.jpeg,0
wghrxdzwbk.jpeg,1
wicuuwfydo.jpeg,0
wittraxzei.jpeg,1
wiyjwmqraz.jpeg,0
wjxqklkhbd.jpeg,1
wkauoztqrt.jpeg,0
wkmwjprgqt.jpeg,2
wmpzmltmpa.jpeg,0
wotvqiriwd.jpeg,2
wpcjsidtyk.jpeg,2
wqcptblned.jpeg,1
wrkctserqh.jpeg,1
wsexgwxqdz.jpeg,3
wtxrziwamo.jpeg,3
wukrhziuhy.jpeg,0
wwenncvnjs.jpeg,3
wwpcdtiore.jpeg,1
wybzgjnxpw.jpeg,3
wyjmmrejuv.jpeg,3
wzxofjtwpk.jpeg,3
xaxofnurpr.jpeg,2
xggskjtnap.jpeg,3
xhtkxdkxeb.jpeg,2
xhvsovsyqb.jpeg,3
xjaiftxxuy.jpeg,3
xkmcjatpjf.jpeg,3
xqucqdulxo.jpeg,0
xsopdmuvgv.jpeg,3
xtxtpypyoc.jpeg,0
xwdkkaaauh.jpeg,2
xxlvnamtid.jpeg,0
xyuokdnwph.jpeg,0
xyxedbpakq.jpeg,2
xzkujjsmfl.jpeg,3
ycemonphev.jpeg,2
ydpluwpfle.jpeg,2
yeguyocvtj.jpeg,3
yhdfcddaqb.jpeg,2
yhhtizfsle.jpeg,2
yhisxtdhhc.jpeg,2
yhjjfhpjav.jpeg,0
yjadgsznkj.jpeg,0
yjkhhkwvla.jpeg,2
yjlpiitacg.jpeg,2
ymehbygrwo.jpeg,2
ymsccxsrzt.jpeg,1
yobyqvtzof.jpeg,3
yqhivegkuh.jpeg,2
yssqltgqxp.jpeg,1
ytnbpotgvc.jpeg,2
yvfdqtbpdh.jpeg,2
ywllxbelhz.jpeg,1
ywnuwfhlnv.jpeg,3
yxsocecsom.jpeg,1
yyiuglxmrg.jpeg,0
yzuzpeswdu.jpeg,3
yzvtqsityv.jpeg,1
zbrymvbkte.jpeg,0
zbynkbwckp.jpeg,1
zdolafsrti.jpeg,0
zdrbkapuei.jpeg,1
zfrlbmwtys.jpeg,2
zifdksukoe.jpeg,0
zipcgjerno.jpeg,0
zjagsrrgce.jpeg,0
zkdgbwnvga.jpeg,0
zkdxlridff.jpeg,2
zngzqfvmau.jpeg,1
znhdwuoiqp.jpeg,2
znnlqwohvb.jpeg,0
zoabafcnse.jpeg,0
zocsyridhv.jpeg,0
zojedbzmjg.jpeg,3
zolluagqvx.jpeg,1
zsdbnhwjuk.jpeg,3
ztcvmydjeq.jpeg,0
ztgthloivt.jpeg,0
zuosatfucd.jpeg,0
zviwfjsdsi.jpeg,1
zwbezscnqm.jpeg,0
zwghlqdmen.jpeg,3
zyrwghgtoj.jpeg,0
